{"cameraMode":{"drawMode":0,"name":"Shaded","section":"Shading Mode"},"sceneLighting":false,"audioPlay":false,"sceneViewState":{"showFog":true,"showMaterialUpdate":false,"showSkybox":false,"showFlares":true,"showImageEffects":true,"showParticleSystems":true},"in2DMode":false,"pivot":{"x":0.7922738790512085,"y":0.6258413195610046,"z":-0.4288359582424164},"rotation":{"x":0.11406021565198899,"y":-0.004474604967981577,"z":0.000514013459905982,"w":0.9934675097465515},"size":2.8578836917877199,"orthographic":false}