{"cameraMode":{"drawMode":0,"name":"Shaded","section":"Shading Mode"},"sceneLighting":true,"audioPlay":false,"sceneViewState":{"showFog":true,"showMaterialUpdate":false,"showSkybox":true,"showFlares":true,"showImageEffects":true,"showParticleSystems":true},"in2DMode":false,"pivot":{"x":4.290952205657959,"y":1.9292479753494263,"z":-2.8070406913757326},"rotation":{"x":0.2157781720161438,"y":-0.05270382761955261,"z":0.01166269090026617,"w":0.9749563932418823},"size":4.438205718994141,"orthographic":false}