{"cameraMode":{"drawMode":0,"name":"Shaded","section":"Shading Mode"},"sceneLighting":true,"audioPlay":false,"sceneViewState":{"showFog":true,"showMaterialUpdate":false,"showSkybox":true,"showFlares":true,"showImageEffects":true,"showParticleSystems":true},"in2DMode":false,"pivot":{"x":2.5626447200775148,"y":0.695389449596405,"z":-1.538008213043213},"rotation":{"x":0.02779260091483593,"y":0.09795834124088288,"z":-0.0024585560895502569,"w":0.9948028326034546},"size":2.8578836917877199,"orthographic":false}